word,frequency
خط,314370
برداشتن,23243
سر,546261
گرفتن,245294
جا,159236
کشیدن,39511
زدن,116699
بار,739651
کار,1926269
دست,1256183
دم,35817
طرح,1185558
دوره,615159
خوردن,95781
بخش,1609751
راه,1034833
درجه,125922
شیر,106148
پشت,228947
بند,114108
زبان,224902
اب,3454
چیز,131430
ارام,616
دسته,154309
انداختن,18995
رسیدن,186090
اثر,310778
دنیا,396528
سرویس,205357
جز,160964
گاز,422275
ارتباط,370855
پذیرفتن,6881
رشته,218451
میدان,246275
گذشتن,3541
کرم,24723
گل,236900
جهان,786129
نگهداشتن,2778
حساب,333315
بستن,27442
واحد,410186
پریدن,2719
برگرداندن,4206
خواندن,55182
خواستن,2512
میزان,713440
ردکردن,84
نمونه,158636
پایه,177037
شانه,20174
مهر,514191
بازی,982989
ساختن,47867
جمعکردن,0
ایستادن,6463
پیوند,50755
دل,112659
نتیجه,437687
خانه,471518
مغز,100953
گروه,920265
کندن,3178
سال,4525103
فهمیدن,2437
مثبت,212888
شکستن,17818
ساعت,1154523
سهم,351973
برپاکردن,85
سایه,68190
کف,39873
بردن,78468
کنترل,321223
انقلاب,716299
دور,335369
زندگی,605642
بزرگ,691447
صورت,1665644
پرده,67705
گشتن,1356
رفتن,144546
زیر,519561
زمین,366228
سرباز,42750
زمان,978871
تار,14049
روز,2192802
خیر,101294
نظر,1407163
پا,107974
صحنه,159745
پست,172996
حال,1538174
امر,315873
شاهد,397647
دین,97251
سیاست,479562
رابطه,347020
حاشیه,220717
روی,1070276
ریال,483666
رشد,904392
حکم,177652
صافکردن,0
قرار,2433581
جامعه,734509
بهوجوداوردن,0
کارکردن,2582
مستقیم,172259
سبک,163007
عالم,47234
دلیل,902613
پاککردن,0
عشق,81832
دستی,88937
مرکز,503892
سطح,531057
ماده,301247
موضوع,1022902
موقعیت,90337
جمع,338251
بودن,439734
ترک,115814
محل,410180
کل,717304
درهم,18774
نیرو,141550
جایگاه,226036
گرده,5169
اخر,3969
اصل,197491
نقطه,151096
راست,61270
جریان,367987
عملکردن,13
عمل,471202
دفتر,235573
گذشته,1533923
سمت,382084
خواباندن,679
تن,443056
بازار,2031554
شکل,332771
سوختن,4908
قسمت,145444
ماندن,54595
طرف,365501
ادم,1594
کمک,590359
جداکردن,511
اوردن,675
شتری,446
نسبت,975426
رای,274477
رسیدگی,177550
صدا,140616
جداشدن,685
رسیدگیکردن,0
نوشتن,33869
جان,203804
نشستن,18425
جهت,518796
جابهجایی,19
فضا,82364
نفتی,389588
حامی,49978
نماینده,407633
نقش,521987
شماره,243615
گذراندن,15057
پدر,143892
جمعشدن,0
اهنگ,573
اول,845414
شیری,9536
حد,227215
شیلینگ,247
چین,333770
باز,416755
ابشدن,0
انتقالدادن,0
مقام,479286
اصلاحکردن,0
خراب,23442
درستکردن,0
تند,40300
تبدیل,335110
عامل,421899
توان,481142
ترکیب,113427
عطف,8304
پزو,516
قانون,822581
سیر,47818
رو,490031
بسته,222804
ضعیف,73037
هییت,424
میل,49674
تاریخ,678127
سلام,65901
پول,450745
دادن,264271
دارایی,148441
برنامه,1420107
ساده,119248
کره,274057
برخورد,266447
خوب,371776
در,45724095
شاسی,16948
صفحه,230460
بازکردن,2831
محور,194710
انجامدادن,0
منبع,290458
دینار,11554
صرف,128507
حق,358207
سالم,131972
تیر,153661
خاک,149753
خالیکردن,0
گیره,1213
خان,31059
خارجکردن,0
بعد,1084754
سرمایه,917906
دال,7045
دستگاه,520714
پیش,1625691
مورد,1764239
ساختار,118831
جلودار,1369
ملک,66566
لب,20815
بد,110693
منطقه,903023
دفاع,370836
اطلاعات,749884
درککردن,0
شور,37518
چک,77265
اعتبار,254638
گرد,60367
راهانداختن,0
درخشیدن,392
گرم,154400
ستاره,130916
بادی,12115
منفی,178532
چاپ,269485
بالارفتن,5531
پیچیدن,746
کشتی,142689
نهاد,147930
دستور,308008
کلید,71550
خمار,397
دنبالکردن,0
سکو,6401
مسیر,345236
نظام,749022
پرداختن,21803
شرکت,2236642
خرابکردن,2
اینده,3718
فکرکردن,413
چنگال,5593
مسیله,256
خاکی,13814
سیستم,388740
بستهشدن,0
فصل,337643
خبر,8178347
ارتفاع,39579
نشان,1012567
چهره,131617
کپیکردن,0
بنیان,49444
نرم,189451
شب,324081
حفظکردن,1
حمله,303527
ازبینرفتن,0
حمل,227346
بنیاد,107000
نشاندن,1843
بررسیکردن,0
برد,197660
پخشکردن,0
نقل,766228
شناسایی,228791
ماه,1406589
سنگین,142219
خوابیدن,8522
چرخیدن,1086
پی,283872
نمایش,318826
خوبی,453585
سو,49358
کوته,1235
برگشتن,2426
قدر,68185
قدرت,375844
خرد,64313
فشار,222595
قبولکردن,0
سوزاندن,7082
خطا,23444
ناراحت,35902
خزانه,57931
کوتاه,180664
انتها,11946
وقت,277859
ابتدا,193192
علم,138372
واگذارکردن,44
مدعی,110599
اندازه,180223
ردیف,48535
محیط,326251
کانال,126141
توجه,1321661
رویه,52330
انباشتن,210
ریختن,10815
رییس,615697
ثابت,169134
روپیه,13708
گسترشدادن,0
انسان,263917
تور,23451
صندوق,364934
تصویر,164961
وجه,101182
ترتیب,228189
تیغ,8207
رد,148794
عمر,128391
کانون,126898
هدایت,108761
طول,348293
جاانداختن,95
ولکردن,0
اجراکردن,21
ظرفیت,298567
محکم,27827
صاف,15675
جدی,300812
هوا,160913
عصر,348458
تمامکردن,0
جذب,270468
اتش,1944
جدول,102516
متوجهشدن,0
علاقه,146074
کاهش,1458774
انگاره,1535
مرد,189226
روشنکردن,0
تولید,1697425
جام,246849
مجلس,1341836
تکرار,90066
عنوان,1866487
ابی,4612
حلکردن,0
مولود,4108
ازاد,2896
حلقه,52650
گند,697
یکسر,182
ازبینبردن,0
فیلم,670282
انرژی,393491
رضا,214110
هوشیار,9970
بن,190353
میزبان,81082
حیرت,8476
هسته,196093
تعیینکردن,0
سست,6262
ازادی,1055
شان,136308
گوشه,31937
صفر,124269
چهارپاره,168
شخصیت,108741
حسابی,19706
کلک,1000
مسیول,62
کشتن,12081
الودهکردن,0
روان,88256
تاییدکردن,0
صبح,237667
نشاندادن,12
ساخت,492636
گونه,265848
نشانه,86174
انتشار,7527382
صادرکردن,130
پیشرو,22740
اتشدان,0
محرم,31363
بانک,2298435
نظم,39131
دراوردن,67
لخت,1326
ذخیره,105515
رسمی,335181
پرداخت,893349
پرسشگر,1052
دکوراسیون,4722
تعریف,137710
گوشی,334259
حفره,6836
محافظ,12278
حضور,1400038
سرور,20795
سری,120197
داده,443662
اباد,951
تیز,7515
سابقه,151076
دامنه,46332
اشتباه,124548
دام,112389
مثل,322884
کم,407241
تک,128038
شبکه,657931
داغ,48876
حسکردن,0
فن,34255
دیر,29312
پوشاندن,4187
نابودی,31654
استقبال,187451
ضربی,533
سه,1176968
سوم,281485
ابزار,86374
زنگ,42068
قرارداد,361734
استقامت,10286
کارت,316669
خلاف,109121
ضرورت,139206
تمامشدن,0
خز,444
دورکردن,163
قطعکردن,0
تاباندن,234
بررسی,768060
استاد,152623
مجموعه,298340
عوضکردن,0
روش,268743
کند,2575301
برگشت,55467
استقلال,412869
تنظیمکردن,0
دودی,6897
ابرو,4261
سوراخ,6459
خطر,191459
دوران,291498
برق,271406
خشک,67458
خضاب,137
مربی,71871
بچه,94910
سودا,1695
روشن,155250
خشن,17351
تناسب,25652
برعکس,18382
کوبیدن,2359
استفاده,1558119
قرص,25990
ناحیه,104944
کرون,9381
فکر,326458
مشکل,440460
رفتار,184477
خاموش,40372
سرخشدن,0
مشقت,2101
بلندشدن,223
سپردن,8313
باب,46097
کرسی,25049
پهن,17687
سم,25356
ویژگی,115223
دیدن,73914
خارج,413810
پوسته,7848
مدرک,40811
اقا,1297
بلندی,12518
خارجی,688141
هفته,835902
بلندکردن,174
قلم,65013
پسوپیش,0
ضبطکردن,0
عملیات,319527
سنجیدن,448
کناره,15604
طراحی,288340
خرابشدن,0
دوشیزه,362
تنگشدن,0
قبضه,6930
مانع,121554
بینظمی,12
ته,13452
سن,158770
خنثی,23856
زنجیره,50161
سیرکردن,78
خدمت,219954
خدمتکردن,0
طراحیکردن,0
فرازاوردن,0
جلو,76227
وظیفه,158069
جابازکردن,1
جادادن,34
ترککردن,0
سازمان,1977685
شکستخوردن,0
باقیمانده,25827
ساکت,14706
گذاشتن,44123
افت,153135
جابهجا,17
گستردن,193
جو,64587
ترکیبکردن,0
دستبهنقد,0
جایگه,15
پایداری,52541
انتقال,329337
ثبتکردن,0
گرفتگی,16699
پر,208829
مد,56734
جاافتادن,90
نوبت,71389
بورس,587680
گبر,72
جفت,8014
تشخیص,180362
تسلیم,28323
جداساختن,4
بال,17845
جاگذاشتن,77
پذیرش,122718
بالازدن,23
پاک,82169
پارک,68294
گردش,59517
نیمه,197440
منتقلشدن,0
عضو,561974
راندن,5544
جنگ,384736
فرستادن,6322
پایین,242014
وضع,111945
فرمان,59752
گزارش,2699948
ردشدن,165
افتادن,19944
ترکمن,5728
فرهنگ,380202
شیوه,120050
تجاوزکردن,1
سخت,221181
مرگ,204750
مقاومت,167177
گران,122232
فرد,354840
امتیازدادن,20
سختی,76756
شکار,22233
امتیاز,138428
اضافه,385049
دریده,221
شکارچی,5065
شنیدن,27595
نور,129945
پایان,802572
مفهوم,53749
مدار,38467
بیرونکردن,0
کتابخانه,36398
ارایهکردن,0
بیان,1185070
نوشته,188146
امدن,653
حاضر,642265
بیروندادن,0
ارایه,119711
سربراوردن,0
تخت,39196
بهره,444792
ارایهدادن,0
کارگر,61502
حاکم,94056
جرم,84722
علامت,23963
ایجادکردن,31
نوک,8314
تکه,15846
گام,132612
مهره,10585
کاشتن,902
حالت,163002
تخریب,97033
بالاکشیدن,62
حاصل,172763
نقاش,7190
جستن,1717
جستجوکردن,12
ذکر,151474
واداشتن,665
عسلی,1869
سوارشدن,473
سنا,26128
مذهب,16795
ناازموده,0
کروبی,15922
نااندیشیده,18
ملاحظهکردن,0
دو,2153300
هنر,140953
دستان,18292
برش,10375
گیرنده,14508
سهگانه,8
اغازکردن,0
چشمبسته,0
ترازو,2240
کنار,441632
محکمه,2094
طبق,327631
دستکشیدن,0
کشیدهشدن,0
ورود,453291
طبقه,94198
ورودی,59129
برخوردکردن,21
خمشدن,0
وسیله,84367
ترسیدن,489
نادرست,45030
تمام,819175
دشواری,20265
معاون,878557
محک,8501
دست[کسی]امدن,0
دلار,858567
بازوبند,3093
تجمع,49419
تخم,72866
تقسیمکردن,0
مکتوب,14556
عمیق,45540
انباشتهکردن,0
مدل,241801
دهانه,6256
اطمینان,91408
کارشناسی,120567
نابودکردن,161
قطر,209104
تخلیهکردن,0
کلاس,68307
مانده,100839
تاج,30982
روزانه,206490
طریقه,2028
سازه,18250
لیمو,10840
تمثیل,742
2اردیبهشت,0
مکعب,33483
گیرانداختن,22
پیکان,30131
ابدار,9
خواب,131970
رنگساز,4
عروس,18594
ورق,14728
سوارکردن,116
تریاکی,184
بازدارنده,10460
سنگچین,66
سبب,173766
عرصه,240134
یار,15985
خلقکردن,0
یاری,34852
لیسانس,15748
ساییدن,235
تخته,9273
معرفیکردن,0
معرفی,468366
تربیت,91084
ساکنشدن,0
چسبیدن,755
نابایست,0
زیبا,73347
خلاصه,46680
مانعشدن,0
دستزدن,0
اگاهانه,68
کامل,332742
اعتماد,241285
15دی,0
عرق,22224
تحلیل,141629
سنگینی,38833
ساکتشدن,0
نابهنگام,1183
بازرسی,83847
نابهوقت,0
ساکن,64559
قطعهقطعهکردن,0
مخالف,114887
دواردیبهشت,0
انسانی,195817
کشوقوس,0
تردست,106
تحریککردن,0
اغاز,2460
1تیر,0
افتابمهتاب,0
سند,140028
کشیده,25017
وحشتناک,10149
اغازنمودن,0
واگذارنمودن,1
برداشت,164332
بازگشت,172720
رنگ,175711
استعداد,26683
دستخط,1558
ترتیبدادن,0
سنی,59428
قضاوتکردن,0
استوار,19140
زیاد,234670
تابلو,13705
طبیعی,270625
طفیلی,169
پیله,3104
بادامی,1195
لایهلایه,0
بالابردن,4569
لاک,8082
لودگی,430
عایله,36
واردشدن,445
کشاورزی,884899
لایهای,0
داستان,124008
دماوند,18021
بالا,439054
کشف,147674
عبارت,102118
بادکردن,37
سرفصل,7960
قشنگ,4471
درد,104023
مهاجم,55102
مهار,56912
ولی,609279
عامیانه,2465
تضمین,62144
مقابلهکردن,0
تصویبکردن,0
لایه,31853
عبورکردن,10
ابادان,183
اندیشه,63568
تست,54355
تعهد,65049
دمکرده,96
روح,68459
دمکردن,0
وعده,127232
افسونگر,301
سرپرست,149715
دنا,15571
انتخابکردن,0
دمدار,16
طیکردن,0
کمان,5815
واسطه,90094
تعریفکردن,0
گوشواره,992
ظهر,69743
لطف,42203
مفسر,2685
افزایش,2042429
انتظار,332979
لختکردن,0
روایت,75802
اشوب,57
تصدیقکردن,0
اشراق,1508
محدود,135894
مهربانی,11423
روانی,100926
کارگاه,60500
دراز,23777
مهمان,34754
سرد,59713
تصدیقداشتن,0
محرک,19579
تصادفی,9673
پیشقراول,236
مفتی,4609
درباز,35
گوینده,5947
درخواست,244612
کشدار,463
تشریفات,15898
تشریفاتی,4594
بحث,396560
علفی,507
دانه,39264
اشتیاق,12413
سرطان,156738
اشتغال,256431
افزودن,13836
پیشامدن,2
لطیف,3210
کلیشهسازی,0
دانگ,2910
سرسوزن,71
بامداد,39930
اصلاح,362893
بر,4519468
منتقلکردن,0
ره,165716
پیچاندن,224
دلاور,4102
پیچ,13569
کلام,28365
سلاح,95076
ده,100659
زیرزبانی,106
برابر,534006
تقدیر,104452
درک,89665
معلوم,57922
خودداریکردن,0
دریافت,671229
مینا,7527
خوشامدگفتن,0
رهبر,236432
ماما,1804
معماری,44126
دریافتن,294
قوه,203232
سترونکردن,0
برایت,3655
خواننده,49647
مکانیک,7042
سلمانی,963
وضعیت,579169
گیج,3980
قهرمان,83774
کمی,170110
خودبهخود,1
قوس,5207
سلسله,18900
اسمان,285
براندازکردن,3
درکنمودن,0
خود,4601189
خونی,28436
مالیدن,978
چرخاندن,1091
افتضاح,2222
کسبکردن,0
سرگردان,9322
میان,704471
سرگذشت,3476
طهارت,4350
عجب,5169
سستی,3399
چرخش,15379
مالک,41952
سخنگفتن,0
مومن,11772
چرت,2764
واقعیت,131697
مددکار,3488
پیاده,73412
بدر,7784
تجدید,43327
قید,26716
سفر,397055
بافت,64885
هواگرفتن,3
4شهریور,0
مالکی,6748
روحانی,558959
پوشیده,13071
قیام,21755
اسیب,1156
انتخاب,587460
سخن,136556
منظمکردن,0
هوشیاری,17320
عقب,102914
گوشدادن,1
بدهبستان,0
پانزدهدی,0
گفتن,40769
فعالیت,641964
نگاشتن,251
حجم,291877
نگاه,320074
رسمورسوم,0
نگرانی,132209
حذف,258215
تکلیف,106588
نعشکش,6
بیست,109021
نظموترتیب,0
حجت,151208
فعال,304918
شش,175843
مبنا,16841
نگهبان,101970
حرفهای,4166
نصبکردن,0
زرتشتی,824
صامت,869
حس,70940
اتحاد,45845
حذفکردن,0
پرداختکردن,0
ریسه,460
غواص,3787
شروع,317795
چهل,28759
بیرونامدن,0
نفوذکردن,0
جگری,99
کثیف,9193
بیرون,130355
مرکب,6846
فشرده,17229
گاو,19511
بیروناوردن,0
نقاشیکردن,2
ریشه,71936
نقد,107385
ارامش,890
ثبات,125390
متوقفکردن,4
نقاشی,33736
نفر,828205
نغمهساز,0
نغمهپرداز,0
ایجادشدن,13
نغمهسرا,0
نکته,219555
مریم,36441
اهسته,61
حافظ,44987
شعر,65745
حافظه,82704
صاحب,109087
مشت,10371
شایستگی,11801
شبانه,53666
بیصدا,91
چهارمشهریور,0
ابکردن,0
امل,1431
شایسته,45275
تیره,15739
شبرنگ,802
مشابه,183405
فوت,68451
دکور,4606
نزدیک,345018
ابکشیدن,0
اتاق,288319
شاه,77727
یکهتاز,0
مرغ,221280
صرفکردن,0
گلستان,73062
یکمتیر,0
نخودی,415
چهارشهریور,0
حقیقت,92808
حل,392116
نر,3623
ارگ,4465
حلال,26034
تکثیر,18473
ارزیابیکردن,0
الودن,2
زردشتی,85
مسیولیت,97
تکتک,9
هادی,52693
ارس,8877
صحبتکردن,0
شدید,183703
ارزش,513096
شدت,186121
الوده,160
الودهساختن,0
بهایی,5957
فناوری,426763
نسخه,348766
الو,1206
فندقی,356
مبلغ,201215
کد,7405973
شبیه,73751
پابرهنه,763
ریزریز,71
حسن,303759
کپینمودن,0
کپی,22129
پایدار,106874
فرازکردن,0
فراش,321
جاکردن,10
فرازامدن,0
نوا,2640
اجرا,327355
فراهمکردن,0
جلسه,531734
جلبکردن,0
چپ,48184
شیرین,59246
اختلال,82889
فراری,24422
امادهکردن,0
گریزان,1471
شیشهشور,0
شیشه,50514
بیتوجهی,25
جانی,16957
غیرمستقیم,18319
اماده,1621
جمعیت,207232
پاییناوردن,0
رخدادن,49
چینی,106238
اولتیر,0
فراگرفتن,329
بیتوجهبودن,0
احساسکردن,0
نوع,389391
امام,701047
گره,32996
نی,7676
نیاز,582912
فانتزی,5739
فاسد,17390
گرمی,24895
اوج,73286
کت,6940
احتیاط,37093
پانزدهمدی,0
احساس,217253
گرفته,465642
اخترشمار,1
پالش,8
فر,40001
چکیده,3908
ربودن,5312
مسابقه,123441
پایاپای,3107
شیار,3261
پایانیافتن,0
رگوریشه,0
فتوکپی,421
اخطار,15627
بیدقت,0
گستردهشدن,0
اهلیت,2160
جوان,293239
جابهجاکردن,0
گستره,14123
شمردن,3338
شکست,208555
شناور,29090
شکاف,31634
جاروکش,11
پختن,2974
جاداشتن,0
شناختن,5750
جوی,34182
متحدشدن,22
غیررسمی,21636
جاافتاده,659
مسدس,128
راحت,60449
اراسته,10
غیرحرفهای,4
اذری,72
شکستدادن,0
مسخره,7084
جوشخورده,0
زبده,3211
نقلکردن,0
نه,660553
شیشهپاککن,0
جانور,2429
اجازه,238601
شیطان,22260
ادا,7821
ادابورسوم,0
ادادراوردن,0
فرونشاندن,663
شیشهشوی,0
پاییندست,2
فرصت,261718
اخلاقی,77098
جمله,638194
اداره,297002
جاری,442319
ادراک,4341
جازدن,42
ادراککردن,0
پتروشیمی,227175
اویزه,5
الکی,2205
ادامهدادن,0
نمره,35918
کبابی,2302
شیوا,7005
قبولی,28752
کوفتن,66
اپاچی,8
مایل,23188
کوفته,1059
رویان,2859
ضایع,5968
بست,23819
امید,281010
ناموزون,819
دوماردیبهشت,0
همانند,83520
یواش,1017
رفتوامدکردن,0
قایم,1391
مایع,34872
بینمک,1
دولت,2633874
سیاهشدن,0
زنده,151896
بزرگی,148167
سیاه,103057
پسندیدن,98
اساس,823319
سیاهکردن,0
ضبط,51859
عکس,222010
زن,268433
سیما,113384
صوت,14041
توجهکردن,0
بیمزه,37
پرکننده,293
خانواده,461322
سینا,41494
مشهدی,5035
یک,4887211
سینه,36985
خانم,125544
خاموشی,10949
سیل,50144
بیمه,971130
ایین,514
بشر,92539
گماشتن,184
مردانه,13936
دوچرخهسوار,0
هل,13231
پزشکی,312601
هلدادن,0
قربانی,64231
قرارگرفتن,3184
مطلب,402538
الان,145059
قربانیکردن,0
نازک,7838
البالویی,0
قرمزشدن,27
انفعال,5810
بریدن,3416
دوری,26294
گندمی,849
رقم,307060
قراردادن,6914
دودکردن,27
برنده,75432
عنصر,21814
ان,221757
استخوانی,5901
استر,1255
مرتبه,25420
اکثریت,43632
بره,5986
کهنه,12800
قدی,1712
زندگیکردن,1
همراه,820554
امین,46678
روند,479490
دوستداشتن,0
خردهفروشی,6
پشتیبان,13069
دوش,36378
گناهکار,1471
همخوان,1812
عیار,26174
پشتیبانی,121526
قدم,67635
برگ,54653
ناظر,59218
خروجی,42187
اژانس,158
برگه,23299
دوستدار,7141
تنظیم,181701
یکسره,2698
کوچک,237255
دیلم,1341
مبارزه,307800
ناکامی,16709
خادم,17022
بنا,154397
یکتیر,0
توقف,105422
صندل,1012
کر,4890
کیسه,20380
هفتم,62057
کیس,6574
ازادکردن,7
حملهکردن,0
کیش,86977
بلوک,18080
چنگزدن,0
هفت,157755
اموزش,3017
هزار,1969314
مردن,2655
توسعه,1215140
پروانه,75468
هشیار,1553
مشخصه,6787
شاخه,28612
یکرو,7
ناپاک,1031
حنفی,446
خالق,8734
حیات,58947
دیسک,10912
حمایت,662917
حنبلی,247
بلند,130954
سیه,739
ایمپلنت,3049
حوزه,910248
کیفور,72
چینش,9617
دقیق,128091
رقیب,63411
مقدر,1431
کاج,3044
ایستاده,14253
رواج,22423
راننده,72025
رخ,234912
چینه,282
مغزدار,379
دقیقه,246255
دوزاری,164
کاروانسرا,1192
مردهکش,0
اهنپاره,0
دمیدن,1339
مشخصکردن,1
مقرری,4015
بارور,3033
رامشگر,47
دکتر,453978
مقدم,56754
رامشگری,13
رشدکردن,30
دکاندار,90
چهارم,149813
اولدی,24
مطرب,402
کاستن,6656
اگاهشدن,0
دمبریده,0
چشمی,14479
مطالعهکردن,0
رقت,668
دوز,6510
اند,101465
مغرب,11124
اگاهی,821
کاربنی,27
چرخخوردن,0
رهنما,5636
مردودی,1188
معنی,70092
مزاج,8077
روال,33193
دنده,14140
رختاویز,0
چانهزدن,0
روا,4588
مخلوط,22353
رنجور,1163
معاونت,157136
انگشتزدن,0
چربیگیری,0
مدرسه,118837
مشتری,95817
باریکه,1372
بارکش,326
کارتخوان,6258
مرتببودن,0
رشددادن,8
راکت,5155
راهیافتن,0
معتادکردن,7
چشم,243383
باریکشدن,0
معاشر,164
دوربین,132646
چپگرد,18
چربیگیر,0
چهارشاخ,17
مخاطره,9802
مراقبت,47349
راهکار,53876
مردودکردن,1
رایت,5878
دچاروقفهکردن,0
مربع,34892
رمزی,2607
باجخواه,0
انضباط,18962
مخاطب,74409
محکمکردن,0
دنبالهدار,2
رمانتیک,2149
معین,24602
رمیده,57
مرتب,28794
راهپیماییکردن,0
دفاعکردن,0
معترض,15786
راهنمایی,51605
دوتایی,1107
باری,30254
باجبگیر,0
مزاحم,9254
مزخرف,1393
مزرعه,18194
دیپلم,16756
ربط,16567
دفعکردن,0
مطرحکردن,0
چرخ,29938
اگاه,597
چشمه,13430
انفجاری,9778
مخفیکردن,0
انفجار,73493
دلالت,5257
رل,352
دفع,29133
مقصود,10735
دیگر,1846743
ربایشگر,0
مستحق,5990
رب,6551
باریک,11405
باجگیر,209
مخرج,1035
کاری,311349
مختصر,8592
دوختن,805
رند,3205
مفیدبودن,38
مسند,6188
چرخکار,27
ایتالیایی,26184
رفاه,162911
مردم,1862203
مصحح,413
دهر,482
مسمومکردن,0
مشغولشدن,0
مصدوم,28767
اهلسنت,10
دید,123218
مصرف,741510
اهل,127433
مسی,40157
مرفه,5087
دیدار,466025
معلق,13073
اندرون,361
روایتکردن,0
رز,4248
چهرهسازی,0
چلیپا,301
کارگری,46798
مردمسالاری,2397
انهدام,12011
بابل,11286
مرغی,4322
مدیونبودن,0
مداح,9011
اهلسنتوجماعت,0
معلومکردن,0
مدیریت,606865
کاردکس,195
چنگ,8299
اپارات,56
مدهوش,177
ایجاد,1022781
رستن,104
رساندن,30953
انی,4583
اندوخته,4707
ذخیرهکردن,0
رنگکردن,0
دیدنی,14553
چند,951566
دلگندگی,0
چتر,10873
بابا,12426
بادقت,381
دهابان,0
ذره,12252
اینقدر,11886
مدافع,88168
چتکردن,0
دیروز,125636
مفارقت,183
دیرش,108
رسمکردن,0
دلگیر,1053
دله,458
چهلم,2071
معلقماندن,0
مفصل,15885
چرا,575940
دلیجان,2078
دهاردیبهشت,0
دلوجگر,0
چروک,5187
دلالی,10012
مش,1535
باراوردن,0
مرحله,317716
باربر,542
رفیق,8530
مقایسهکردن,0
رهن,20303
مستند,70322
اویزان,20
راستگرد,96
کاروان,41859
دگر,1893
مقاوم,26173
چهارگوش,302
چله,2441
دولا,615
دوطرفه,3779
مراد,9047
مضمون,13728
کاربر,72480
اهن,1167
کارتکس,100
رقابت,317293
کاربردی,54904
رشتن,12
دواتشه,1
رام,12753
ردیفکردن,0
دلجو,162
معرکه,2766
چرککردن,0
مسکن,806287
راحتی,90810
مرده,11000
دماغ,2325
رادیکال,7218
راز,28046
راس,35860
رهبری,313602
دولاپهنا,3
دهماردیبهشت,0
دهلیز,908
دوم,557178
انقلابی,98554
دهمابان,0
دمان,62
راسته,2693
مذهبی,65731
اهلکتاب,0
چیرگی,413
دلجوی,9
مرحمت,888
چیدن,2698
ای,1909386
مرخصی,16861
دیمی,305
گچگرفتن,0
مقیاس,18873
ثقیل,239
پارسی,8053
ثمر,39981
بیخود,950
بیرمق,3
نپذیرفتن,1195
ثابتکردن,0
بیدغدغه,0
بیدارکردن,41
جاریکردن,0
بیخیالی,45
جاذبه,17159
بیدارشدن,196
بیرونانداختن,0
تکیهکردن,0
بیزحمت,18
تکهتکه,0
تکنیکی,6765
پادشاهی,12452
تکفرزند,1
تکیهگاه,0
پارادوکس,1588
بیرونی,20376
تکیهگه,0
بیریخت,7
جالب,124594
نگاهکردن,0
پاسخ,530091
پاسخنامه,940
نیش,4544
بیثمر,2
جانشینکردن,0
جاندار,992
بیتوجهیکردن,0
نیرویجاذبه,0
پاسور,1844
بیتفاوت,22
پاسدادن,0
جانکندن,0
پاسخگو,27233
نیمبند,1
بیحساب,8
بیحسابوکتاب,0
نیمهکاره,5
بیخاصیت,1
جامد,7794
جامجم,6
بیحاصل,13
بیحال,39
جانب,40724
نیمرخ,458
نیمروز,5596
توپ,53189
یکمدی,0
توپزدن,0
یکم,39958
بیضا,192
توهمزا,3
یکلا,22
بیعلاقهبودن,0
هدردادن,140
هدف,508287
هراسان,1653
تیاتر,287
یکمی,330
تونیک,278
یکسان,44080
توفیق,28998
توفیر,567
یکرنگ,169
هشتمی,966
یکدی,2
یکدست,3776
یکضرب,859
هزینه,503730
تولیدی,185840
هستی,20900
بیقواره,2
بیستونهبهمن,0
تکان,18031
بیستوپنجماسفند,0
هاجوواج,0
تکاندادن,1
تیزاب,42
بیسروسامانی,0
هاله,4719
بیسواد,742
بیستوپنجاسفند,0
بیستونهمبهمن,0
نگریستن,436
نگفتنی,43
نگهبانی,2628
تیغزن,3
تیغزدن,0
هجدهمی,65
تیزی,1260
یکپارچه,36948
هتلداری,2318
بیسیرت,0
تیپ,31512
پابرجا,5820
تیمور,3498
تیمارگر,4
جنس,55186
نمایشدادن,0
پاکشدن,0
نمایشگاه,310604
جهنمی,1546
نمودن,21417
نمودکردن,0
جنگل,63398
پختهشدن,0
جهانگیر,4715
نقلی,4573
پاککننده,2
جنگنده,27756
جنب,7496
نهاندان,0
بهوجوداورنده,0
جمهور,486454
نهایت,210353
نهایی,260933
جمعگرایی,1
نهاذر,0
بههمخوردن,0
جناح,36547
جمیع,3940
بههوارفتن,0
پاپتی,80
پخششدن,0
پاشدن,13
پراب,18
جین,7349
جیره,3357
نقرهای,17
بهشدت,31
جوشیدن,456
جگر,6172
حاجتمند,77
بهدین,16
پرتراکم,343
حاضرشدن,31
حاشیهنشینی,3
پراکندن,179
نقشه,75462
جوزا,93
نقصان,2588
جور,21425
جوابدادن,0
جواب,82041
جوش,20861
جوشخوردن,0
پدیداورنده,0
پدیداوردن,0
جوشان,1140
بهپایانرسیدن,0
بیاشکال,0
نونهال,499
نونوار,431
پانزدهماردیبهشت,0
پانزدهاردیبهشت,0
جذبکردن,0
بیارزش,2
نوزدهمفروردین,0
پایاندادن,0
نوسازی,75410
جریمه,81461
نوشیدن,19898
پانزدهمی,69
بیاعتنا,8
جد,7640
جت,9485
نیرنگ,1604
پاشیدن,2183
پاشنه,10233
جدا,99138
بیانداشتن,0
نیام,210
بیانفرمودن,0
بیاننمودن,0
بیانکردن,0
نهماذر,0
جماعت,20039
نهیب,802
جلوگیریکردن,0
نواختن,3539
نوار,30524
جلورفتن,9
بهکاررفتن,0
پایینامدن,0
جمعی,114473
پاییزه,6190
بهکاربردن,0
جلف,2071
جفتکردن,0
بوستان,18441
جعبه,18616
نورسیده,168
جشن,98245
نوزدهفروردین,0
نوبتی,1369
بودادن,48
جلد,24829
جلب,98784
نوباوگی,22
توس,5240
تصمیمگرفتن,0
تضاد,14564
تصور,109058
تعقیب,28641
تصمیم,363858
وابسته,98930
ولایت,74787
تاواندادن,0
هیهات,1418
تعصبی,795
تعصب,7301
تعدیکردن,0
تعجبزده,0
تصفیه,30937
تاکردن,12
تب,43906
تصدیق,3691
واجب,19290
تباهی,2597
تشکیلشدن,0
تباهکردن,0
تصرف,25922
وابستهکردن,0
وابستگی,46160
تصرفکردن,0
هیجان,36318
هنرپیشه,5916
هوانوردی,13702
هواخواه,246
تفکیککردن,0
تفننی,770
تفریحی,20706
هواکشیدن,1
تقدمداشتن,0
تقسیمنمودن,0
تاختن,416
تقسیم,75372
تاخوردن,14
هنگام,180079
تارک,1048
تغییر,571940
تغذیه,89902
ویترای,64
تاسیسکردن,0
تعویضکردن,0
تعویض,37387
تاس,2028
هود,1853
تفحص,28790
تازه,290783
تازهوارد,0
تشویقکردن,0
وزن,156598
تحقیق,110241
وجود,1710004
وقفکردن,0
تراشیدن,1102
تحول,106453
وحشی,10585
وزیر,1415667
تحصیل,80800
وسعتیافتن,0
وسعتدادن,0
تحریم,328884
ترجمهکردن,0
ترجمه,51414
ترادف,26
وزارت,1235869
ورزشکار,21902
تخصصی,201925
ورطه,3481
ورقه,13707
تخلیه,37332
ورد,3470
تذکیر,8
تذکردادن,17
ورافتادن,3
وراندازکردن,1
واگذاشتن,45
تسلط,25104
تسلا,13229
تسبیح,2657
تجارت,502579
ترکیدن,1336
تجاوز,49460
تبصره,64603
ترکه,507
وادارکردن,71
واردکردن,929
وارستگی,173
وارفتن,9
ترنج,1221
ترمز,16092
ترغیبکردن,0
تجویز,19957
ترشکردن,0
ترسداشتن,0
تجربه,322773
تجربهکردن,0
تجزیهکردن,0
تجلی,8301
تره,17444
همخوانی,12590
تنگه,13619
بینه,761
بینهایت,228
یمین,386
تنگ,21086
تنین,18
همجنس,2981
بینش,7971
بینشان,610
تهاجمی,12172
تهاتری,798
یلخی,15
همدهنی,0
ید,7994
بیوه,2608
همزه,94
همسان,5637
همسر,103046
تندرو,16760
تنقیه,83
همدوره,391
تنور,3670
همراهی,85941
تنها,847673
همراهکردن,0
تقطیعکردن,0
هفدهمی,119
تودهای,10
توده,18303
توحید,10912
یونس,7418
توت,12503
بیمایه,3
ییلاق,1491
توزیعکردن,0
توزرد,46
هفتتیر,0
توری,1512
یومیه,396
یوسف,24700
هماندازه,0
هماهنگی,149026
هماوایی,10
بینام,39
بینایی,12490
هم,3945586
بیمقدار,108
بیمناسبت,0
بیمناک,657
توانایی,106361
همشهری,68906
همگانی,24331
تلکهگیر,0
تلکهبگیر,0
همکاری,580879
تلفن,233167
هنباز,0
یادکردن,80
هموغم,0
تمامقد,0
تاب,13354
تماشاچی,2720
تماس,141876
تلخ,53350
تاثیرگذار,46145
تقویت,224832
هنرمند,48050
تاثیرگذاشتن,42
تقلیل,9521
تقلیدکردن,9
تاتنهام,4129
هندی,37822
تل,14395
وکیل,45613
تقویتکردن,0
بکر,6860
تنبل,4195
هممسلک,0
بیگانه,22284
یاقوتی,797
هممیهن,0
بیگاه,1660
یافتن,56315
همنشین,946
یتیمشدن,0
همشکل,40
بیکار,28550
یبس,2
همصدایی,488
بیگفتگو,0
تمرینکردن,0
تمرین,78145
یاس,8223
بچهگانه,1
هموارکردن,48
تمایل,87875
همه,1336790
بیگناه,3052
بیگنه,4
بچهبازی,0
حالتدادن,0
پیامبری,1508
بدجور,633
داخل,336830
دادگاه,172489
مومیایی,2448
پیام,305424
پیالهفروشی,0
داخلشدن,0
داخله,2318
موقع,101232
مولد,19340
داد,1993275
داخلی,577238
خیابان,158595
پولکی,238
میت,7511
خونسرد,1390
میخکوب,1384
بدل,30831
خوشگل,950
بدعتگذار,26
پوچ,4150
میانه,42762
خونگرفتن,0
خونکردن,0
موفق,324170
موج,59294
بخت,18893
موسسه,237101
بخارپز,1338
داغشدن,0
داغان,384
داشتن,196243
پیروزشدن,24
داوطلب,30563
موجود,379580
بحثکردن,0
دانستن,15721
موزون,2911
بخشش,23268
بخیه,1335
بخیهزدن,0
پیداکردن,1446
بداخلاق,995
موضع,76567
دار,146710
موسیقی,179268
دارچینی,249
پیرامون,74575
بخشیدن,18025
پیر,18987
خوشهچینی,0
خندان,4243
خنیاگر,165
برجستهسازی,0
خوشهچین,0
خنثیکردن,0
ناارام,10
خموش,141
خنک,21537
خوابزده,16
برتربودن,5
برتریداشتن,0
خوابیده,2053
برج,67009
پهلوان,6064
پنس,3596
نااگاهانه,10
بردمیدن,6
خلل,3190
پنجمی,1422
نابسامانی,6446
خلق,74757
نااگاه,12
خمودی,113
خمارالوده,0
خمارالود,0
خم,14665
خواست,131664
پوستکلفت,0
خوشبختی,8120
خوشباورانه,3
بدیکردن,0
میلیون,1353649
بدکار,136
میلزدن,0
خورشیدی,37494
خوشه,7631
میز,48922
پوشیدن,11593
خوشخواب,57
برافروختن,370
مکان,73430
خوببودن,0
برانگیختن,1348
خواهشکردن,0
مکتب,20920
خورشید,40750
پوست,125968
میهمان,19915
برابریکردن,0
خودداری,66372
دایرنمودن,0
برزخ,2971
پیک,21582
دزدی,11260
باسواد,2226
منتشرشدن,34
منبتکار,0
باسک,347
درگیرکردن,95
منتزعکردن,0
منبتکاری,10
بازگرداندن,19251
دستاویز,1957
منتخب,69440
بازگوکردن,87
منتشرکردن,27
پیوندزدن,31
منصوبکردن,0
پیوسته,21172
پیوستن,29699
پینهدوز,0
منطقی,71721
منحنی,6929
درگوشی,628
منتظم,155
دریچه,10303
منجی,3585
باطلکردن,0
بازرگان,15007
ملخ,3084
چادر,15546
ملکه,12309
ممات,482
پکوپوز,0
بازخواندن,6
دستگیرکردن,18
دعا,32740
چارچوب,109900
دشمنی,21678
بازبینیکردن,0
بازنمایی,2033
پژمردن,20
بازیکردن,5
مناسببودن,0
دستدادن,11
بازیگر,134751
پیگیری,208576
منبت,877
دستوپابسته,0
دستوردادن,15
دستنویس,186
من,1748494
منظم,32491
پیشرفتن,11
دربند,3175
دربرگرفتن,36
دراویختن,0
درامدن,11
درام,8532
پیشقدمبودن,0
مهمانخانه,239
مهماندار,2212
بانمک,286
دربوداغانکردن,0
دربهدر,0
پیشدستی,203
دختر,148245
دایرکردن,81
موتیف,220
موثر,147828
دایره,16772
موازنه,4860
پیشدبستانی,1
پیشدانشگاهی,0
درازشدن,0
باواسطه,145
مو,39615
پیشنهادکردن,8
درمقابل,3935
درمان,319213
باقیگذاشتن,0
بالاانداختن,0
منفیکردن,0
درصد,1737431
پیلهور,3
منظور,341009
بافه,72
باقاعده,23
منعکردن,0
منعکسکردن,0
درست,277584
باند,74118
مهتابی,415
پیشینه,11930
بامزه,3281
درجهدار,1
بامیه,3100
پیشگامشدن,0
پیل,1745
پیغمبری,319
مه,26263
مهارت,59580
نخاله,1444
حواله,14119
نحوه,170208
پروازکردن,13
حیرتزده,15
نخست,315220
بندکردن,0
حوت,234
حیران,2580
پرورشیافتن,0
نجات,106356
نجاتدادن,0
نجاتدهنده,0
حمایتکردن,0
پرنده,24510
به,38228200
حقوق,473640
نرمه,223
حقشناس,14
نرمی,3323
بهار,98856
بندگی,4373
پرو,21852
پرهیزکردن,1
حلب,40705
نرخ,871191
خاموشکردن,0
خاصه,3963
ناپایدار,5821
خال,3937
ناپدیدشدن,330
نتراشیده,47
خاش,4852
ناکامشدن,0
خالی,100122
خامهزن,0
خامه,6225
بلاگردان,52
خام,159709
بلد,14067
خارجشدن,0
نباتی,16694
نبرد,46045
حکومت,83403
حکمکردن,0
حیوانی,9944
ناگهانی,32713
خارجساختن,0
پری,5496
خاتمهدادن,0
ناگفتنی,120
خاتم,18271
پرمایه,138
حرفه,95686
حرکت,288145
حریف,41971
حرفزدن,3
بهجاگذاردن,0
حرج,738
نشیمن,1244
حرکتدادن,0
حسابداری,13727
نشر,58724
نشسته,17060
حرکتکردن,1
پردازش,21214
نظمدهی,0
نظیر,136467
بهدستاوردن,0
نعمت,61976
حامل,40157
پرتقالی,553
نظامی,248997
نظرتنگ,11
پرحرارت,421
پرجوشوخروش,0
نظرکردن,28
حسابرسی,27595
پرسان,198
نساجی,19264
پرشتاب,3987
پرش,5866
نسبی,52386
حصار,6577
حشو,114
نسق,355
نزول,14678
حفاظ,1702
نزدیکی,59767
حضوریافتن,9
حضوری,28650
حسابگری,162
حسابگرانه,78
حسابگر,255
حسابکردن,0
بهتزده,1
پرسش,96594
نسنجیده,2305
نسیه,2569
پرسنده,13
بهبه,13
پرسشگرانه,62
برزدن,2
نازکردن,20
پلاک,32047
خشاب,795
برونته,271
پلمپ,6951
ناسازگار,2594
خستهکننده,0
بروبیا,37
خشکشدن,21
پلمب,10452
ناز,3057
برهمن,82
برهوت,434
خستهکردن,0
خزانهداری,21
پف,2177
پشک,13
بریدگی,912
خرگوش,1821
خرچنگ,1246
ناشناس,17036
خسته,23212
ناسالم,21920
ناسالمی,760
خسارت,112931
ناسنجیده,231
برفی,5404
خفه,6727
پناهگاه,6163
ناجور,973
خشکیدن,339
ناجوری,171
ناجی,4863
برفک,439
خلا,4290
نابودشدن,46
خلال,44628
ناتوان,10340
ناتوانی,20061
ناراحتی,25933
ناراست,152
برنامهریزیکردن,0
برنج,149225
خصوصی,387543
نار,1779
برقراربودن,1
ناخوشایند,7309
پلیکپی,1
برم,5558
نادیدهگرفتن,0
برچسب,379347
پستهای,823
پستی,21460
خدا,199074
نامناسب,41290
ختم,31044
خبرچینیکردن,0
خداداد,6906
نامطمین,7
پسزدن,0
نامزد,92006
نامزدی,20408
بستر,71768
خداوندگار,114
خبرچین,271
بغل,6809
بغلی,343
خانهدار,8
پرکردن,2686
بلاتکلیف,5547
پرچمدار,26543
بشکه,173647
خبریافتن,0
نامیدن,888
بشاش,531
خبردادن,46
پسزمینه,30
خردهفروش,0
ناقل,2611
خردهریزه,0
خردهریز,0
پشته,516
نالهکردن,0
نام,817496
ناقص,16290
برچسبزدن,2
خرمایی,357
برگزیدن,781
خردکردن,101
خرازی,10372
بزرگواربودن,3
بزرگکردن,0
بزغاله,645
خرابی,6340
پسند,9675
خرجکردن,0
نامبردن,25
بزرگشدن,0
نامتناسب,1972
خرافاتی,475
محکمکاری,3
سماق,1151
گناهالود,0
شلوغوپلوغ,0
زوزه,379
زی,1804
اراستن,0
شلوغپلوغ,0
قهر,10060
شلوغکردن,0
اسلام,269192
زورکی,229
قنادی,2119
قناس,20
اقوام,21482
شلوغ,14916
گمنام,24399
گاوچران,137
گمراهکردن,0
کرونا,1612
ماهانه,53960
ارابهران,0
کمیسیون,408776
گداختن,37
فساد,151721
اسم,66017
زیارتکردن,0
قهرمانی,129442
ضامن,17251
گمرک,112693
عین,126949
اسلحه,30134
کمینه,3932
سلف,14725
البرز,85585
عود,4663
ضربهخوردن,0
البانیایی,0
شفاهی,10916
شفت,1093
ضربه,92702
کمکردن,0
گنجیاب,1
زهرماری,39
شیدا,1418
شفاف,83172
کمککار,2
ضرر,60964
فشردن,3054
ارامگرفتن,0
سنبله,232
عوضشدن,0
عوضی,469
ضدویروس,613
ماهی,101600
قمر,4757
شل,16013
زود,53806
زور,20771
ارامشدن,0
زهره,6906
فشاردادن,97
زهی,1638
ماهیانه,16255
عوض,62326
کسب,404305
غرب,231327
مالی,809139
صنعت,1197946
قوی,88885
افشاکردن,32
افشاندن,60
قوچ,1125
کمعمر,0
مالاندن,2
کس,61456
صورتسازی,0
اسمی,17376
شنا,14653
سقوط,115062
زیرپایی,90
غرا,39
اسوده,26
غرغره,586
صمیمی,15419
فروند,55948
اسودگی,9
زیکزاک,5
شنیدنی,2063
زیگزاگ,169
صناعت,154
مال,32271
غربی,175911
صندلی,40693
صنایعدستی,7
قوم,9080
اقدام,651049
اقتصادی,1409521
قوت,45089
فزونی,4397
شمال,198761
فریم,10039
اسمانی,59
زید,2159
مانند,585242
گذر,31291
قو,1302
صیاد,8097
قوام,6264
زیان,65850
مانور,17225
ابله,798
شمرده,5034
زیردستی,155
کرکس,633
غالب,23555
اقاسی,2
سلامت,397510
شمع,5142
زیردست,521
اقتصاد,1106526
سلب,19514
عکاسی,32213
کرک,2643
ارایش,101
کشاندن,4439
طریق,582410
مبلسازی,3
زرشک,3496
طرفداری,3714
النگودولنگ,0
گازدادن,3
طرفدار,26426
شرمناک,21
الهی,80455
عمق,42769
قصد,232538
قصدداشتن,0
کنفی,124
طغیان,8542
سواری,56496
ابتدایی,60677
زشت,14588
کدیور,780
طراز,5852
شروعنمودن,0
شروعکردن,0
عملنمودن,0
مبدع,1145
المانی,536
عمله,923
طردکردن,18
طرحواره,382
گورکن,179
قصهپرداز,0
ابخوردن,0
استشمامکردن,0
کنه,14967
شرایط,788454
طلایی,49000
شربت,8782
سوراخسوراخکردن,0
کثیفی,1408
شرح,135132
شرحدادن,0
قسط,14064
اببر,0
طلبکار,5706
متر,142482
زبانه,3061
فلس,574
قرینه,996
سورنا,3906
زبانی,10808
کج,7582
اببستن,0
طلاسازی,489
سوت,8208
زدگی,9698
سواکردن,0
طفرهرفتن,0
مبهوت,2052
سود,532495
قسم,13640
قسمتکردن,0
زجردادن,0
کنگره,98358
سنگ,104318
شعبدهباز,0
شعبه,123601
گاهشمار,74
ضمانت,49644
کنارگذاشتن,624
مایه,24180
زندان,99700
گنهالود,0
قلمبه,198
قلب,105977
گنگ,1812
کردن,760208
ضمیمهکردن,0
گنهکار,218
استنکاف,1716
کناری,5082
ششگوشه,0
قلمزنی,262
زندهماندن,0
ابریز,6
زندهکردن,0
ضعف,93673
کرمداشتن,0
کمگذاشتن,0
ابری,17019
اراک,34368
سنجشکردن,0
کرمان,98956
زندانیشدن,0
عنایت,29878
عملی,79334
طبیعت,48588
فطیر,89
گوجهای,0
قطبنما,0
سهراهی,0
ابدیده,2
مباشر,3029
الف,78200
استعفا,31333
گودی,1162
زعفرانی,1818
سهپایه,0
شریک,34654
فعل,10493
عمو,5378
ارتش,210013
قطعه,104078
زمینه,788051
زمینی,79687
کنترلکردن,0
طاغوت,5951
ششگوش,0
زمردی,184
گواه,9953
مباحثه,2129
عمومی,678310
طباخی,407
ابراهیم,64069
کتیبه,2380
شکستهشدن,0
شکسته,17325
غیرطبیعی,4951
ستایشکردن,0
سرشکسته,148
اشتقاق,91
گسترشیافتن,0
سترون,152
گسترده,144095
شکلگرفتن,0
ستارهشمار,0
سرعت,262300
شکلدادن,0
شکلاتی,1939
لوس,2621
اطلس,7506
کلاش,757
سرشتن,3
گزیدن,420
شکاری,6275
گزندواردکردن,0
سجده,5102
فاکتور,16382
سرشاخ,365
سحر,20187
اثباتکردن,0
شهسوار,344
کلاف,2453
فتح,43067
اضافهکردن,1
شکافتن,484
ستارهدار,0
فراخواندن,828
اعتقادداشتن,1
اتشک,2
گرفتوگیر,0
فدراسیون,188621
گشتزدن,0
شگفتی,10012
اتفاق,346172
صاحبخانه,3771
صاحبسخن,0
لایحه,154246
لایعقل,27
گرفتارکردن,5
لیر,12538
گشودن,3617
اختلافداشتن,0
اعتدال,41109
اعتباری,235593
سبکسرانه,40
اشتباهی,15669
لولهبازکن,0
گرما,21060
سبککردن,0
شگرد,5453
کفی,1277
سرمایهداری,6
کمال,47743
کفنودفنکردن,0
شکوفه,3183
اعتراض,132399
گرفتاری,7459
شیرینی,27241
اجر,5651
اشکارکردن,0
اشکارنمودن,0
سربالا,346
اجراییات,803
سربسته,1162
اشک,18905
فاسدشدن,44
اجتماع,30037
سرایتکردن,0
اجتماعی,854619
لغو,184697
اشفته,53
اجتنابکردن,0
سرخگشتن,0
فارس,374835
اشنایی,339
سربی,576
سرخاب,283
لطمه,19196
سرخ,42376
فاتح,5983
اجرفرش,0
لزوم,109540
شیبسنج,0
اشنا,685
شیره,3773
غیرواقعی,9087
اجری,536
لهولورده,0
لنگ,2883
فامیلی,5227
گزافهگویی,1
سخنرانی,105131
فامیل,6865
اثرگذاشتن,18
شیعه,45654
سخنگو,7484
سرراهی,172
گرمخانه,983
اثرداشتن,0
گزافگویی,0
له,28479
سختشدن,0
سد,68149
لغوکردن,11
کلفت,1370
لجنی,81
اجازهدادن,0
سراغاز,15
لختی,445
سرامیک,6534
گرگ,6508
اجارهکردن,0
اصفهان,236339
احدیت,658
لمسکردن,0
فاطر,410
اجارهدار,0
لیره,1346
سفید,139292
کمرشد,0
سزاواری,41
مارک,17155
مارپیچ,1320
مارمولک,1539
صرفشدن,0
افتخاری,24445
مارگیر,86
غفلت,25469
فروختن,1967
افراطی,34254
کشرفتن,0
سستکردن,0
صف,48856
کشش,9682
صغیر,976
مادر,147426
مادامالعمر,2
ساعتساز,1
ماخذ,1259
صدفی,530
گرداوری,125
ابکی,21
اسیر,15058
فرمانده,192792
افتابپرست,0
گردان,21057
گلریزان,2095
صدمهدیده,0
صدمه,13698
شهرداری,278306
افزونی,564
کشته,93883
ماشین,117019
ساختمان,216979
غریب,17386
گلهمند,18
فروش,797509
ماسیدن,2
گلهدار,0
قیامت,10611
غرقکردن,0
ماشینیکردن,0
کشت,106368
اسیا,1345
فروغ,5037
مازو,80
صفه,679
غریبه,6367
ادبی,23022
ابورز,0
غریبی,5804
اداکردن,5
فروخفته,142
صفت,11117
ابوتابدادن,0
افرینش,30
ساختگی,8326
گله,16229
افریدگار,2
فرفره,273
اعیانی,896
ساندویچی,604
گردویی,244
اعلامکردن,0
فرازرسیدن,0
سایت,436398
کشکی,52
اتشزدن,0
کعب,202
صادق,86944
فرانمودن,0
کمتوان,1
صافوصوف,0
سرپا,3441
گفتگوکردن,5
سریع,110977
لیف,1226
صالح,35939
اعطاکردن,0
فرارو,12330
صاحبشدن,0
سایهسار,0
ساکتنمودن,0
ساکتکردن,0
سروش,22052
فراز,32369
صاحبقدم,0
لانه,8150
سایل,85
ابگاه,0
ابگینه,2
صد,87313
سرکشیدن,63
مات,3913
سالانه,166786
سالروز,44412
سالسا,130
صحیحوسالم,0
فرستنده,3715
فرع,2140
غلط,50652
سرکوبکردن,0
فرصتدادن,0
غلظت,11622
فرجه,4607
فرتوتی,46
سالگرد,43935
فراگیری,8095
لک,6517
لاشخور,84
صبر,49505
سرپرستی,23405
سالنامه,1298
سرکار,8349
سالوس,53
اخراجکردن,0
اتاقک,1875
سالیانه,39931
مجاری,9184
عقبمانده,0
شانس,49490
شانسی,5751
کاهشدادن,0
عقبه,4378
امنیت,409447
کوزه,1813
ریاست,386207
اس,116869
عقبماندن,4
ریا,2650
اموختن,17
مجازات,65720
ریدن,13
ریختوپاش,0
ریدمان,1
کاوش,5149
امروز,1213192
مثابه,12788
عقرب,2317
کاهگلی,269
کاهی,427
قاچاق,230530
عقد,44111
سیاهرو,0
اسانکردن,0
ازادشدن,7
رگوپی,0
رویایی,9187
ازپادراوردن,0
سیرابی,422
مجرا,659
کیسهکردن,0
عطش,5444
رویدادن,3
عطار,2908
شافعی,7556
امیزش,7
گیر,42428
امیزه,4
29بهمن,0
عجز,2163
روپوش,795
شالوده,1720
عقاب,5788
عقبافتاده,0
کوسه,3251
امیختن,2
روییدن,202
رویی,2944
عدد,112543
شال,3246
اموزگار,9
فوتکردن,0
استادکار,464
گویا,39488
سوگ,4635
استارتر,1046
کبریتی,423
گوهرشناس,24
شاکی,18368
K,22868
کودکانه,4643
قد,44560
ریکاوری,3752
امایش,14
فوری,39553
قدرتنمایی,252
9اذر,0
ظلمت,1426
استاندارد,165175
کوتوله,1508
شبه,44644
شبرو,36
متل,559
اره,1985
امانت,12766
علف,7719
عاجی,250
قدردانی,55780
کیوسک,2898
فولادی,18183
سیاستمدار,8552
قبول,148595
عایلهمندی,0
کور,12466
کینه,9284
عقیمکردن,0
امتحان,36987
کاپیتان,29692
سیال,2577
ارگان,14919
اسب,33510
اسباب,16082
کاکایویی,1
علاج,4746
H,10722
فوقالعاده,122
علافی,29
سوگواری,6501
متهم,180433
سی,219308
ریشهدار,4
کاکل,287
قتل,130091
گیرافتادن,75
قاطع,31332
سکس,753
انتزاعکردن,0
کافوری,2
15اردیبهشت,0
ازمایشکردن,0
محتوا,29795
فکل,134
روزنامه,330218
13ابان,0
ازمایش,380
انتظامی,157532
سیمرغ,18640
قاضی,88082
سیم,45359
ازمودنی,0
کالبد,3889
ازمودن,4
محبوب,60360
کوژی,6
محبت,29895
قاعده,22144
عشقی,5238
کوژ,45
کوچککردن,0
محتاطانه,4217
قاطیکردن,0
15شعبان,0
انتفاضه,6023
گچی,630
سیکلمه,4
10اردیبهشت,0
محوطه,29874
سیهرو,0
محو,10483
سیگارت,172
عزا,3925
محنت,578
10ابان,0
محسوب,210043
محکمنمودن,0
کاشانه,1175
عزیز,74519
محشر,848
گچ,4494
سپریشدن,0
کوچهبازاری,0
روزبهخیر,0
محمول,269
ازسرگرفتن,7
سینما,177414
سپرده,201819
سیرک,1175
مجمع,216660
قالیباف,88370
روشنی,23319
سیزدهمابان,0
کامیابی,8173
روشنشدن,2
شادکام,551
اناری,1533
گیرکردن,149
شاد,28739
شاداب,3906
عدمموفقیت,0
روشندل,656
شادمان,2694
فیل,5419
ازموده,8
ازهوشبردن,0
گیرایی,462
کولون,1379
فیش,20058
سیزدهابان,0
شارژ,50144
عدسی,1834
امکان,395130
روغن,124114
25اسفند,0
کامپیوتر,43502
کامروایی,88
19فروردین,0
روزی,111760
عصاره,8556
محارب,1317
گیلاس,6856
روزگار,19906
انباز,28
عرضه,566242
ازمون,583
عرضهداشتن,0
محاسبهگری,0
محاسبه,90420
روسیه,457413
روسی,50520
ازمیانبردن,0
گیسو,435
انبارکردن,82
کامرانی,2693
روستا,74625
قالب,199775
عراقی,60556
1دی,0
شاخص,359332
شتابزده,2811
استتار,1354
متزلزل,5071
متقاضی,54824
طیف,38949
متعجب,5222
ارزوکردن,0
گوشگرفتن,0
کوتاهکردن,0
استخراج,32265
cd,484
متشابه,271
گوشکردن,0
قران,4392
امامت,17337
شبی,7947
امادهشدن,0
فلک,4178
کتاب,298028
کوتاهی,43405
الکتریکی,25843
فلفل,16391
کژدم,176
الگو,24037
ارزق,9
زال,2009
کتابی,15092
ارم,3482
طور,570759
ارمان,548
شخصی,165220
سوز,14214
کتان,3130
ظاهر,90444
ظرافت,4887
استانه,710
الگوگذاری,1
طولانی,117982
متصدی,5537
شدن,1068533
اماره,673
فهم,25775
امارگر,0
امادگی,892
ارشد,184077
ارش,1057
کتوکلفت,0
متقلب,1067
الکترونیکی,130240
امار,1873
